{
  "value": [
    {
      "text": "how many 54434543 items are currently in stock",
      "language": "en-us",
      "entitiesResult": {
        "expectedEntities": [
          {
            "category": "SkuNumber",
            "offset": 9,
            "length": 8
          }
        ],
        "predictedEntities": [
          {
            "category": "Inventory",
            "offset": 0,
            "length": 8
          },
          {
            "category": "SkuNumber",
            "offset": 9,
            "length": 8
          },
          {
            "category": "Inventory",
            "offset": 41,
            "length": 5
          }
        ]
      },
      "intentsResult": {
        "expectedIntent": "Carlies Inventory",
        "predictedIntent": "Carlies Inventory"
      }
    },
    {
      "text": "show me the available stock for 54434543",
      "language": "en-us",
      "entitiesResult": {
        "expectedEntities": [
          {
            "category": "Inventory",
            "offset": 12,
            "length": 15
          },
          {
            "category": "SkuNumber",
            "offset": 32,
            "length": 8
          }
        ],
        "predictedEntities": [
          {
            "category": "Inventory",
            "offset": 22,
            "length": 5
          },
          {
            "category": "SkuNumber",
            "offset": 32,
            "length": 8
          }
        ]
      },
      "intentsResult": {
        "expectedIntent": "Carlies Inventory",
        "predictedIntent": "Carlies Inventory"
      }
    },
    {
      "text": "quantity in hand for skew number 54434543",
      "language": "en-us",
      "entitiesResult": {
        "expectedEntities": [
          {
            "category": "Inventory",
            "offset": 0,
            "length": 8
          },
          {
            "category": "SkuNumber",
            "offset": 33,
            "length": 8
          }
        ],
        "predictedEntities": [
          {
            "category": "Inventory",
            "offset": 0,
            "length": 8
          },
          {
            "category": "SkuNumber",
            "offset": 33,
            "length": 8
          }
        ]
      },
      "intentsResult": {
        "expectedIntent": "Carlies Inventory",
        "predictedIntent": "Carlies Inventory"
      }
    },
    {
      "text": "get the stock level of product 54434543",
      "language": "en-us",
      "entitiesResult": {
        "expectedEntities": [
          {
            "category": "Inventory",
            "offset": 8,
            "length": 5
          },
          {
            "category": "SkuNumber",
            "offset": 31,
            "length": 8
          }
        ],
        "predictedEntities": [
          {
            "category": "Inventory",
            "offset": 8,
            "length": 5
          },
          {
            "category": "Inventory",
            "offset": 14,
            "length": 5
          },
          {
            "category": "SkuNumber",
            "offset": 31,
            "length": 8
          }
        ]
      },
      "intentsResult": {
        "expectedIntent": "Carlies Inventory",
        "predictedIntent": "Carlies Inventory"
      }
    },
    {
      "text": "how many of sku number 38383 do we have",
      "language": "en-us",
      "entitiesResult": {
        "expectedEntities": [
          {
            "category": "Inventory",
            "offset": 0,
            "length": 8
          },
          {
            "category": "SkuNumber",
            "offset": 23,
            "length": 5
          }
        ],
        "predictedEntities": [
          {
            "category": "Inventory",
            "offset": 0,
            "length": 8
          },
          {
            "category": "SkuNumber",
            "offset": 23,
            "length": 5
          }
        ]
      },
      "intentsResult": {
        "expectedIntent": "Carlies Inventory",
        "predictedIntent": "Carlies Inventory"
      }
    },
    {
      "text": "tell me what we have on hand for skew number 54434543",
      "language": "en-us",
      "entitiesResult": {
        "expectedEntities": [
          {
            "category": "Inventory",
            "offset": 21,
            "length": 7
          },
          {
            "category": "SkuNumber",
            "offset": 45,
            "length": 8
          }
        ],
        "predictedEntities": [
          {
            "category": "Inventory",
            "offset": 8,
            "length": 20
          },
          {
            "category": "SkuNumber",
            "offset": 45,
            "length": 8
          }
        ]
      },
      "intentsResult": {
        "expectedIntent": "Carlies Inventory",
        "predictedIntent": "Carlies Inventory"
      }
    },
    {
      "text": "how much do we have for the skew number 4930039393",
      "language": "en-us",
      "entitiesResult": {
        "expectedEntities": [
          {
            "category": "Inventory",
            "offset": 0,
            "length": 19
          },
          {
            "category": "SkuNumber",
            "offset": 40,
            "length": 9
          }
        ],
        "predictedEntities": [
          {
            "category": "Inventory",
            "offset": 0,
            "length": 19
          },
          {
            "category": "SkuNumber",
            "offset": 40,
            "length": 10
          }
        ]
      },
      "intentsResult": {
        "expectedIntent": "Carlies Inventory",
        "predictedIntent": "Carlies Inventory"
      }
    },
    {
      "text": "how many of skew #54434543 do we have in the store",
      "language": "en-us",
      "entitiesResult": {
        "expectedEntities": [
          {
            "category": "Inventory",
            "offset": 0,
            "length": 8
          },
          {
            "category": "SkuNumber",
            "offset": 18,
            "length": 8
          }
        ],
        "predictedEntities": [
          {
            "category": "Inventory",
            "offset": 0,
            "length": 8
          },
          {
            "category": "SkuNumber",
            "offset": 17,
            "length": 9
          }
        ]
      },
      "intentsResult": {
        "expectedIntent": "Carlies Inventory",
        "predictedIntent": "Carlies Inventory"
      }
    },
    {
      "text": "retrieve the stock quantity of 54434543",
      "language": "en-us",
      "entitiesResult": {
        "expectedEntities": [
          {
            "category": "Inventory",
            "offset": 13,
            "length": 5
          },
          {
            "category": "SkuNumber",
            "offset": 31,
            "length": 8
          }
        ],
        "predictedEntities": [
          {
            "category": "Inventory",
            "offset": 13,
            "length": 5
          },
          {
            "category": "Inventory",
            "offset": 19,
            "length": 8
          },
          {
            "category": "SkuNumber",
            "offset": 31,
            "length": 8
          }
        ]
      },
      "intentsResult": {
        "expectedIntent": "Carlies Inventory",
        "predictedIntent": "Carlies Inventory"
      }
    },
    {
      "text": "quantity of a sku 54434543",
      "language": "en-us",
      "entitiesResult": {
        "expectedEntities": [
          {
            "category": "Inventory",
            "offset": 0,
            "length": 8
          },
          {
            "category": "SkuNumber",
            "offset": 18,
            "length": 8
          }
        ],
        "predictedEntities": [
          {
            "category": "Inventory",
            "offset": 0,
            "length": 8
          },
          {
            "category": "SkuNumber",
            "offset": 18,
            "length": 8
          }
        ]
      },
      "intentsResult": {
        "expectedIntent": "Carlies Inventory",
        "predictedIntent": "Carlies Inventory"
      }
    },
    {
      "text": "quantity in hand for skew # 54434543",
      "language": "en-us",
      "entitiesResult": {
        "expectedEntities": [
          {
            "category": "Inventory",
            "offset": 0,
            "length": 8
          },
          {
            "category": "SkuNumber",
            "offset": 28,
            "length": 8
          }
        ],
        "predictedEntities": [
          {
            "category": "Inventory",
            "offset": 0,
            "length": 8
          },
          {
            "category": "SkuNumber",
            "offset": 28,
            "length": 8
          }
        ]
      },
      "intentsResult": {
        "expectedIntent": "Carlies Inventory",
        "predictedIntent": "Carlies Inventory"
      }
    },
    {
      "text": "how many of skew number 5400047618 do we have in the store?",
      "language": "en-us",
      "entitiesResult": {
        "expectedEntities": [
          {
            "category": "Inventory",
            "offset": 0,
            "length": 11
          },
          {
            "category": "SkuNumber",
            "offset": 24,
            "length": 10
          }
        ],
        "predictedEntities": [
          {
            "category": "Inventory",
            "offset": 0,
            "length": 8
          },
          {
            "category": "SkuNumber",
            "offset": 24,
            "length": 10
          }
        ]
      },
      "intentsResult": {
        "expectedIntent": "Carlies Inventory",
        "predictedIntent": "Carlies Inventory"
      }
    },
    {
      "text": "find the quantity in stock for 54434543",
      "language": "en-us",
      "entitiesResult": {
        "expectedEntities": [
          {
            "category": "Inventory",
            "offset": 9,
            "length": 8
          },
          {
            "category": "SkuNumber",
            "offset": 31,
            "length": 8
          }
        ],
        "predictedEntities": [
          {
            "category": "Inventory",
            "offset": 9,
            "length": 8
          },
          {
            "category": "SkuNumber",
            "offset": 31,
            "length": 8
          }
        ]
      },
      "intentsResult": {
        "expectedIntent": "Carlies Inventory",
        "predictedIntent": "Carlies Inventory"
      }
    },
    {
      "text": "what's the inventory count for 54434543",
      "language": "en-us",
      "entitiesResult": {
        "expectedEntities": [
          {
            "category": "Inventory",
            "offset": 11,
            "length": 9
          },
          {
            "category": "SkuNumber",
            "offset": 31,
            "length": 8
          }
        ],
        "predictedEntities": [
          {
            "category": "Location",
            "offset": 0,
            "length": 4
          },
          {
            "category": "Inventory",
            "offset": 11,
            "length": 9
          },
          {
            "category": "Inventory",
            "offset": 21,
            "length": 5
          },
          {
            "category": "SkuNumber",
            "offset": 31,
            "length": 8
          }
        ]
      },
      "intentsResult": {
        "expectedIntent": "Carlies Inventory",
        "predictedIntent": "Carlies Inventory"
      }
    },
    {
      "text": "quantity of a sku number 54434543",
      "language": "en-us",
      "entitiesResult": {
        "expectedEntities": [
          {
            "category": "Inventory",
            "offset": 0,
            "length": 8
          },
          {
            "category": "SkuNumber",
            "offset": 25,
            "length": 8
          }
        ],
        "predictedEntities": [
          {
            "category": "Inventory",
            "offset": 0,
            "length": 8
          },
          {
            "category": "SkuNumber",
            "offset": 25,
            "length": 8
          }
        ]
      },
      "intentsResult": {
        "expectedIntent": "Carlies Inventory",
        "predictedIntent": "Carlies Inventory"
      }
    },
    {
      "text": "show me the stock quantity for 54434543",
      "language": "en-us",
      "entitiesResult": {
        "expectedEntities": [
          {
            "category": "Inventory",
            "offset": 18,
            "length": 8
          },
          {
            "category": "SkuNumber",
            "offset": 31,
            "length": 8
          }
        ],
        "predictedEntities": [
          {
            "category": "Inventory",
            "offset": 12,
            "length": 5
          },
          {
            "category": "Inventory",
            "offset": 18,
            "length": 8
          },
          {
            "category": "SkuNumber",
            "offset": 31,
            "length": 8
          }
        ]
      },
      "intentsResult": {
        "expectedIntent": "Carlies Inventory",
        "predictedIntent": "Carlies Inventory"
      }
    },
    {
      "text": "i'd like to know how many 54434543 are available",
      "language": "en-us",
      "entitiesResult": {
        "expectedEntities": [
          {
            "category": "Inventory",
            "offset": 17,
            "length": 8
          },
          {
            "category": "SkuNumber",
            "offset": 26,
            "length": 8
          }
        ],
        "predictedEntities": [
          {
            "category": "Inventory",
            "offset": 17,
            "length": 8
          },
          {
            "category": "SkuNumber",
            "offset": 26,
            "length": 8
          }
        ]
      },
      "intentsResult": {
        "expectedIntent": "Carlies Inventory",
        "predictedIntent": "Carlies Inventory"
      }
    },
    {
      "text": "what is the quantity for skew number 54434543",
      "language": "en-us",
      "entitiesResult": {
        "expectedEntities": [
          {
            "category": "Inventory",
            "offset": 12,
            "length": 8
          },
          {
            "category": "SkuNumber",
            "offset": 37,
            "length": 8
          }
        ],
        "predictedEntities": [
          {
            "category": "Location",
            "offset": 0,
            "length": 4
          },
          {
            "category": "Inventory",
            "offset": 12,
            "length": 8
          },
          {
            "category": "SkuNumber",
            "offset": 37,
            "length": 8
          }
        ]
      },
      "intentsResult": {
        "expectedIntent": "Carlies Inventory",
        "predictedIntent": "Carlies Inventory"
      }
    },
    {
      "text": "give me the stock status of 54434543",
      "language": "en-us",
      "entitiesResult": {
        "expectedEntities": [
          {
            "category": "Inventory",
            "offset": 12,
            "length": 5
          },
          {
            "category": "SkuNumber",
            "offset": 28,
            "length": 8
          }
        ],
        "predictedEntities": [
          {
            "category": "Inventory",
            "offset": 12,
            "length": 5
          },
          {
            "category": "SkuNumber",
            "offset": 28,
            "length": 8
          }
        ]
      },
      "intentsResult": {
        "expectedIntent": "Carlies Inventory",
        "predictedIntent": "Carlies Inventory"
      }
    },
    {
      "text": "check stock for 54434543",
      "language": "en-us",
      "entitiesResult": {
        "expectedEntities": [
          {
            "category": "Inventory",
            "offset": 6,
            "length": 5
          },
          {
            "category": "SkuNumber",
            "offset": 16,
            "length": 8
          }
        ],
        "predictedEntities": [
          {
            "category": "Inventory",
            "offset": 6,
            "length": 5
          },
          {
            "category": "SkuNumber",
            "offset": 16,
            "length": 8
          }
        ]
      },
      "intentsResult": {
        "expectedIntent": "Carlies Inventory",
        "predictedIntent": "Carlies Inventory"
      }
    },
    {
      "text": "how much do we have for skew number 4900002891",
      "language": "en-us",
      "entitiesResult": {
        "expectedEntities": [
          {
            "category": "Inventory",
            "offset": 0,
            "length": 19
          },
          {
            "category": "SkuNumber",
            "offset": 36,
            "length": 10
          }
        ],
        "predictedEntities": [
          {
            "category": "Inventory",
            "offset": 0,
            "length": 19
          },
          {
            "category": "SkuNumber",
            "offset": 36,
            "length": 10
          }
        ]
      },
      "intentsResult": {
        "expectedIntent": "Carlies Inventory",
        "predictedIntent": "Carlies Inventory"
      }
    },
    {
      "text": "how much do we have in the store of skew number 54434543",
      "language": "en-us",
      "entitiesResult": {
        "expectedEntities": [
          {
            "category": "Inventory",
            "offset": 0,
            "length": 19
          },
          {
            "category": "SkuNumber",
            "offset": 48,
            "length": 8
          }
        ],
        "predictedEntities": [
          {
            "category": "Inventory",
            "offset": 0,
            "length": 8
          },
          {
            "category": "SkuNumber",
            "offset": 48,
            "length": 8
          }
        ]
      },
      "intentsResult": {
        "expectedIntent": "Carlies Inventory",
        "predictedIntent": "Carlies Inventory"
      }
    },
    {
      "text": "what is the quantity available for 54434543?",
      "language": "en-us",
      "entitiesResult": {
        "expectedEntities": [
          {
            "category": "Inventory",
            "offset": 12,
            "length": 8
          },
          {
            "category": "SkuNumber",
            "offset": 35,
            "length": 8
          }
        ],
        "predictedEntities": [
          {
            "category": "Location",
            "offset": 0,
            "length": 4
          },
          {
            "category": "Inventory",
            "offset": 12,
            "length": 8
          },
          {
            "category": "SkuNumber",
            "offset": 35,
            "length": 8
          }
        ]
      },
      "intentsResult": {
        "expectedIntent": "Carlies Inventory",
        "predictedIntent": "Carlies Inventory"
      }
    },
    {
      "text": "tell me the current stock status of 54434543",
      "language": "en-us",
      "entitiesResult": {
        "expectedEntities": [
          {
            "category": "Inventory",
            "offset": 20,
            "length": 5
          },
          {
            "category": "SkuNumber",
            "offset": 36,
            "length": 8
          }
        ],
        "predictedEntities": [
          {
            "category": "Inventory",
            "offset": 20,
            "length": 5
          },
          {
            "category": "SkuNumber",
            "offset": 36,
            "length": 8
          }
        ]
      },
      "intentsResult": {
        "expectedIntent": "Carlies Inventory",
        "predictedIntent": "Carlies Inventory"
      }
    },
    {
      "text": "what is the stock count for 54434543?",
      "language": "en-us",
      "entitiesResult": {
        "expectedEntities": [
          {
            "category": "Inventory",
            "offset": 12,
            "length": 11
          },
          {
            "category": "SkuNumber",
            "offset": 28,
            "length": 8
          }
        ],
        "predictedEntities": [
          {
            "category": "Location",
            "offset": 0,
            "length": 4
          },
          {
            "category": "Inventory",
            "offset": 12,
            "length": 5
          },
          {
            "category": "Inventory",
            "offset": 18,
            "length": 5
          },
          {
            "category": "SkuNumber",
            "offset": 28,
            "length": 8
          }
        ]
      },
      "intentsResult": {
        "expectedIntent": "Carlies Inventory",
        "predictedIntent": "Carlies Inventory"
      }
    },
    {
      "text": "quantity in hand for skew number 4900002891",
      "language": "en-us",
      "entitiesResult": {
        "expectedEntities": [
          {
            "category": "Inventory",
            "offset": 0,
            "length": 8
          },
          {
            "category": "SkuNumber",
            "offset": 33,
            "length": 10
          }
        ],
        "predictedEntities": [
          {
            "category": "Inventory",
            "offset": 0,
            "length": 8
          },
          {
            "category": "SkuNumber",
            "offset": 33,
            "length": 10
          }
        ]
      },
      "intentsResult": {
        "expectedIntent": "Carlies Inventory",
        "predictedIntent": "Carlies Inventory"
      }
    },
    {
      "text": "retrieve the stock count for 54434543",
      "language": "en-us",
      "entitiesResult": {
        "expectedEntities": [
          {
            "category": "Inventory",
            "offset": 13,
            "length": 5
          },
          {
            "category": "Inventory",
            "offset": 19,
            "length": 5
          },
          {
            "category": "SkuNumber",
            "offset": 29,
            "length": 8
          }
        ],
        "predictedEntities": [
          {
            "category": "Inventory",
            "offset": 13,
            "length": 5
          },
          {
            "category": "Inventory",
            "offset": 19,
            "length": 5
          },
          {
            "category": "SkuNumber",
            "offset": 29,
            "length": 8
          }
        ]
      },
      "intentsResult": {
        "expectedIntent": "Carlies Inventory",
        "predictedIntent": "Carlies Inventory"
      }
    },
    {
      "text": "quantity on hand for skew number 54434543",
      "language": "en-us",
      "entitiesResult": {
        "expectedEntities": [
          {
            "category": "Inventory",
            "offset": 0,
            "length": 8
          },
          {
            "category": "SkuNumber",
            "offset": 33,
            "length": 8
          }
        ],
        "predictedEntities": [
          {
            "category": "Inventory",
            "offset": 0,
            "length": 8
          },
          {
            "category": "SkuNumber",
            "offset": 33,
            "length": 8
          }
        ]
      },
      "intentsResult": {
        "expectedIntent": "Carlies Inventory",
        "predictedIntent": "Carlies Inventory"
      }
    },
    {
      "text": "how much do we have for sku number 4839399333",
      "language": "en-us",
      "entitiesResult": {
        "expectedEntities": [
          {
            "category": "Inventory",
            "offset": 0,
            "length": 19
          },
          {
            "category": "SkuNumber",
            "offset": 35,
            "length": 10
          }
        ],
        "predictedEntities": [
          {
            "category": "Inventory",
            "offset": 0,
            "length": 19
          },
          {
            "category": "SkuNumber",
            "offset": 35,
            "length": 10
          }
        ]
      },
      "intentsResult": {
        "expectedIntent": "Carlies Inventory",
        "predictedIntent": "Carlies Inventory"
      }
    },
    {
      "text": "quantity in hand for the skew number 54434543",
      "language": "en-us",
      "entitiesResult": {
        "expectedEntities": [
          {
            "category": "Inventory",
            "offset": 0,
            "length": 8
          },
          {
            "category": "SkuNumber",
            "offset": 37,
            "length": 8
          }
        ],
        "predictedEntities": [
          {
            "category": "Inventory",
            "offset": 0,
            "length": 8
          },
          {
            "category": "SkuNumber",
            "offset": 37,
            "length": 8
          }
        ]
      },
      "intentsResult": {
        "expectedIntent": "Carlies Inventory",
        "predictedIntent": "Carlies Inventory"
      }
    },
    {
      "text": "display inventory details for 54434543",
      "language": "en-us",
      "entitiesResult": {
        "expectedEntities": [
          {
            "category": "Inventory",
            "offset": 8,
            "length": 9
          },
          {
            "category": "SkuNumber",
            "offset": 30,
            "length": 8
          }
        ],
        "predictedEntities": [
          {
            "category": "Inventory",
            "offset": 8,
            "length": 9
          },
          {
            "category": "SkuNumber",
            "offset": 30,
            "length": 8
          }
        ]
      },
      "intentsResult": {
        "expectedIntent": "Carlies Inventory",
        "predictedIntent": "Carlies Inventory"
      }
    },
    {
      "text": "i'd like to know the stock quantity of 54434543",
      "language": "en-us",
      "entitiesResult": {
        "expectedEntities": [
          {
            "category": "Inventory",
            "offset": 27,
            "length": 8
          },
          {
            "category": "SkuNumber",
            "offset": 39,
            "length": 8
          }
        ],
        "predictedEntities": [
          {
            "category": "Inventory",
            "offset": 21,
            "length": 5
          },
          {
            "category": "Inventory",
            "offset": 27,
            "length": 8
          },
          {
            "category": "SkuNumber",
            "offset": 39,
            "length": 8
          }
        ]
      },
      "intentsResult": {
        "expectedIntent": "Carlies Inventory",
        "predictedIntent": "Carlies Inventory"
      }
    },
    {
      "text": "what is the quantity for skew number 4900002891",
      "language": "en-us",
      "entitiesResult": {
        "expectedEntities": [
          {
            "category": "Inventory",
            "offset": 12,
            "length": 8
          },
          {
            "category": "SkuNumber",
            "offset": 37,
            "length": 10
          }
        ],
        "predictedEntities": [
          {
            "category": "Location",
            "offset": 0,
            "length": 4
          },
          {
            "category": "Inventory",
            "offset": 12,
            "length": 8
          },
          {
            "category": "SkuNumber",
            "offset": 37,
            "length": 10
          }
        ]
      },
      "intentsResult": {
        "expectedIntent": "Carlies Inventory",
        "predictedIntent": "Carlies Inventory"
      }
    },
    {
      "text": "how much does 54434543 cost",
      "language": "en-us",
      "entitiesResult": {
        "expectedEntities": [
          {
            "category": "Price",
            "offset": 0,
            "length": 8
          },
          {
            "category": "SkuNumber",
            "offset": 14,
            "length": 8
          }
        ],
        "predictedEntities": [
          {
            "category": "Location",
            "offset": 0,
            "length": 3
          },
          {
            "category": "SkuNumber",
            "offset": 14,
            "length": 8
          },
          {
            "category": "Price",
            "offset": 23,
            "length": 4
          }
        ]
      },
      "intentsResult": {
        "expectedIntent": "Carlies Inventory",
        "predictedIntent": "Carlies Inventory"
      }
    },
    {
      "text": "price of 54434543",
      "language": "en-us",
      "entitiesResult": {
        "expectedEntities": [
          {
            "category": "Price",
            "offset": 0,
            "length": 5
          },
          {
            "category": "SkuNumber",
            "offset": 9,
            "length": 8
          }
        ],
        "predictedEntities": [
          {
            "category": "Price",
            "offset": 0,
            "length": 5
          },
          {
            "category": "SkuNumber",
            "offset": 9,
            "length": 8
          }
        ]
      },
      "intentsResult": {
        "expectedIntent": "Carlies Inventory",
        "predictedIntent": "Carlies Inventory"
      }
    },
    {
      "text": "price of skew number 54434543",
      "language": "en-us",
      "entitiesResult": {
        "expectedEntities": [
          {
            "category": "Price",
            "offset": 0,
            "length": 5
          },
          {
            "category": "SkuNumber",
            "offset": 21,
            "length": 8
          }
        ],
        "predictedEntities": [
          {
            "category": "Price",
            "offset": 0,
            "length": 5
          },
          {
            "category": "SkuNumber",
            "offset": 21,
            "length": 8
          }
        ]
      },
      "intentsResult": {
        "expectedIntent": "Carlies Inventory",
        "predictedIntent": "Carlies Inventory"
      }
    },
    {
      "text": "retrieve the current cost of 54434543",
      "language": "en-us",
      "entitiesResult": {
        "expectedEntities": [
          {
            "category": "Price",
            "offset": 21,
            "length": 4
          },
          {
            "category": "SkuNumber",
            "offset": 29,
            "length": 8
          }
        ],
        "predictedEntities": [
          {
            "category": "Price",
            "offset": 21,
            "length": 4
          },
          {
            "category": "SkuNumber",
            "offset": 29,
            "length": 8
          }
        ]
      },
      "intentsResult": {
        "expectedIntent": "Carlies Inventory",
        "predictedIntent": "Carlies Inventory"
      }
    },
    {
      "text": "price of the skew 383939393",
      "language": "en-us",
      "entitiesResult": {
        "expectedEntities": [
          {
            "category": "Price",
            "offset": 0,
            "length": 5
          },
          {
            "category": "SkuNumber",
            "offset": 18,
            "length": 9
          }
        ],
        "predictedEntities": [
          {
            "category": "Price",
            "offset": 0,
            "length": 5
          },
          {
            "category": "SkuNumber",
            "offset": 18,
            "length": 9
          }
        ]
      },
      "intentsResult": {
        "expectedIntent": "Carlies Inventory",
        "predictedIntent": "Carlies Inventory"
      }
    },
    {
      "text": "what is the cost of the skew 54434543",
      "language": "en-us",
      "entitiesResult": {
        "expectedEntities": [
          {
            "category": "Price",
            "offset": 12,
            "length": 4
          },
          {
            "category": "SkuNumber",
            "offset": 29,
            "length": 8
          }
        ],
        "predictedEntities": [
          {
            "category": "Location",
            "offset": 0,
            "length": 4
          },
          {
            "category": "Price",
            "offset": 12,
            "length": 4
          },
          {
            "category": "SkuNumber",
            "offset": 29,
            "length": 8
          }
        ]
      },
      "intentsResult": {
        "expectedIntent": "Carlies Inventory",
        "predictedIntent": "Carlies Inventory"
      }
    },
    {
      "text": "cost for the skew 54434543",
      "language": "en-us",
      "entitiesResult": {
        "expectedEntities": [
          {
            "category": "Price",
            "offset": 0,
            "length": 4
          },
          {
            "category": "SkuNumber",
            "offset": 18,
            "length": 8
          }
        ],
        "predictedEntities": [
          {
            "category": "Price",
            "offset": 0,
            "length": 4
          },
          {
            "category": "SkuNumber",
            "offset": 18,
            "length": 8
          }
        ]
      },
      "intentsResult": {
        "expectedIntent": "Carlies Inventory",
        "predictedIntent": "Carlies Inventory"
      }
    },
    {
      "text": "tell me the current cost of 54434543",
      "language": "en-us",
      "entitiesResult": {
        "expectedEntities": [
          {
            "category": "Price",
            "offset": 20,
            "length": 4
          },
          {
            "category": "SkuNumber",
            "offset": 28,
            "length": 8
          }
        ],
        "predictedEntities": [
          {
            "category": "Price",
            "offset": 20,
            "length": 4
          },
          {
            "category": "SkuNumber",
            "offset": 28,
            "length": 8
          }
        ]
      },
      "intentsResult": {
        "expectedIntent": "Carlies Inventory",
        "predictedIntent": "Carlies Inventory"
      }
    },
    {
      "text": "price of sku number 54434543",
      "language": "en-us",
      "entitiesResult": {
        "expectedEntities": [
          {
            "category": "Price",
            "offset": 0,
            "length": 5
          },
          {
            "category": "SkuNumber",
            "offset": 20,
            "length": 8
          }
        ],
        "predictedEntities": [
          {
            "category": "Price",
            "offset": 0,
            "length": 5
          },
          {
            "category": "SkuNumber",
            "offset": 20,
            "length": 8
          }
        ]
      },
      "intentsResult": {
        "expectedIntent": "Carlies Inventory",
        "predictedIntent": "Carlies Inventory"
      }
    },
    {
      "text": "give me the pricing for product 54434543",
      "language": "en-us",
      "entitiesResult": {
        "expectedEntities": [
          {
            "category": "Price",
            "offset": 12,
            "length": 7
          },
          {
            "category": "SkuNumber",
            "offset": 32,
            "length": 8
          }
        ],
        "predictedEntities": [
          {
            "category": "Price",
            "offset": 12,
            "length": 7
          },
          {
            "category": "SkuNumber",
            "offset": 32,
            "length": 8
          }
        ]
      },
      "intentsResult": {
        "expectedIntent": "Carlies Inventory",
        "predictedIntent": "Carlies Inventory"
      }
    },
    {
      "text": "price for the sku 54434543",
      "language": "en-us",
      "entitiesResult": {
        "expectedEntities": [
          {
            "category": "Price",
            "offset": 0,
            "length": 5
          },
          {
            "category": "SkuNumber",
            "offset": 18,
            "length": 8
          }
        ],
        "predictedEntities": [
          {
            "category": "Price",
            "offset": 0,
            "length": 5
          },
          {
            "category": "SkuNumber",
            "offset": 18,
            "length": 8
          }
        ]
      },
      "intentsResult": {
        "expectedIntent": "Carlies Inventory",
        "predictedIntent": "Carlies Inventory"
      }
    },
    {
      "text": "get the price tag for 54434543",
      "language": "en-us",
      "entitiesResult": {
        "expectedEntities": [
          {
            "category": "Price",
            "offset": 8,
            "length": 9
          },
          {
            "category": "SkuNumber",
            "offset": 22,
            "length": 8
          }
        ],
        "predictedEntities": [
          {
            "category": "Price",
            "offset": 8,
            "length": 5
          },
          {
            "category": "SkuNumber",
            "offset": 22,
            "length": 8
          }
        ]
      },
      "intentsResult": {
        "expectedIntent": "Carlies Inventory",
        "predictedIntent": "Carlies Inventory"
      }
    },
    {
      "text": "tell me the price for 54434543",
      "language": "en-us",
      "entitiesResult": {
        "expectedEntities": [
          {
            "category": "Price",
            "offset": 12,
            "length": 5
          },
          {
            "category": "SkuNumber",
            "offset": 22,
            "length": 8
          }
        ],
        "predictedEntities": [
          {
            "category": "Price",
            "offset": 12,
            "length": 5
          },
          {
            "category": "SkuNumber",
            "offset": 22,
            "length": 8
          }
        ]
      },
      "intentsResult": {
        "expectedIntent": "Carlies Inventory",
        "predictedIntent": "Carlies Inventory"
      }
    },
    {
      "text": "retrieve the current pricing for 54434543",
      "language": "en-us",
      "entitiesResult": {
        "expectedEntities": [
          {
            "category": "Price",
            "offset": 21,
            "length": 7
          },
          {
            "category": "SkuNumber",
            "offset": 33,
            "length": 8
          }
        ],
        "predictedEntities": [
          {
            "category": "Price",
            "offset": 21,
            "length": 7
          },
          {
            "category": "SkuNumber",
            "offset": 33,
            "length": 8
          }
        ]
      },
      "intentsResult": {
        "expectedIntent": "Carlies Inventory",
        "predictedIntent": "Carlies Inventory"
      }
    },
    {
      "text": "give me the cost of 54434543",
      "language": "en-us",
      "entitiesResult": {
        "expectedEntities": [
          {
            "category": "Price",
            "offset": 12,
            "length": 4
          },
          {
            "category": "SkuNumber",
            "offset": 20,
            "length": 8
          }
        ],
        "predictedEntities": [
          {
            "category": "Price",
            "offset": 12,
            "length": 4
          },
          {
            "category": "SkuNumber",
            "offset": 20,
            "length": 8
          }
        ]
      },
      "intentsResult": {
        "expectedIntent": "Carlies Inventory",
        "predictedIntent": "Carlies Inventory"
      }
    },
    {
      "text": "what is the price of a skew number 54434543",
      "language": "en-us",
      "entitiesResult": {
        "expectedEntities": [
          {
            "category": "Price",
            "offset": 12,
            "length": 5
          },
          {
            "category": "SkuNumber",
            "offset": 35,
            "length": 8
          }
        ],
        "predictedEntities": [
          {
            "category": "Location",
            "offset": 0,
            "length": 4
          },
          {
            "category": "Price",
            "offset": 12,
            "length": 5
          },
          {
            "category": "SkuNumber",
            "offset": 35,
            "length": 8
          }
        ]
      },
      "intentsResult": {
        "expectedIntent": "Carlies Inventory",
        "predictedIntent": "Carlies Inventory"
      }
    },
    {
      "text": "what is the price of the skew number 54434543",
      "language": "en-us",
      "entitiesResult": {
        "expectedEntities": [
          {
            "category": "Price",
            "offset": 12,
            "length": 5
          },
          {
            "category": "SkuNumber",
            "offset": 37,
            "length": 8
          }
        ],
        "predictedEntities": [
          {
            "category": "Location",
            "offset": 0,
            "length": 4
          },
          {
            "category": "Price",
            "offset": 12,
            "length": 5
          },
          {
            "category": "SkuNumber",
            "offset": 37,
            "length": 8
          }
        ]
      },
      "intentsResult": {
        "expectedIntent": "Carlies Inventory",
        "predictedIntent": "Carlies Inventory"
      }
    },
    {
      "text": "what is the price of sku # 54434543",
      "language": "en-us",
      "entitiesResult": {
        "expectedEntities": [
          {
            "category": "Price",
            "offset": 12,
            "length": 5
          },
          {
            "category": "SkuNumber",
            "offset": 27,
            "length": 8
          }
        ],
        "predictedEntities": [
          {
            "category": "Location",
            "offset": 0,
            "length": 4
          },
          {
            "category": "Price",
            "offset": 12,
            "length": 5
          },
          {
            "category": "SkuNumber",
            "offset": 27,
            "length": 8
          }
        ]
      },
      "intentsResult": {
        "expectedIntent": "Carlies Inventory",
        "predictedIntent": "Carlies Inventory"
      }
    },
    {
      "text": "retrieve the cost for product 54434543",
      "language": "en-us",
      "entitiesResult": {
        "expectedEntities": [
          {
            "category": "Price",
            "offset": 13,
            "length": 4
          },
          {
            "category": "SkuNumber",
            "offset": 30,
            "length": 8
          }
        ],
        "predictedEntities": [
          {
            "category": "Price",
            "offset": 13,
            "length": 4
          },
          {
            "category": "SkuNumber",
            "offset": 30,
            "length": 8
          }
        ]
      },
      "intentsResult": {
        "expectedIntent": "Carlies Inventory",
        "predictedIntent": "Carlies Inventory"
      }
    },
    {
      "text": "where is the sku number 4900002891",
      "language": "en-us",
      "entitiesResult": {
        "expectedEntities": [
          {
            "category": "Location",
            "offset": 0,
            "length": 12
          },
          {
            "category": "SkuNumber",
            "offset": 24,
            "length": 10
          }
        ],
        "predictedEntities": [
          {
            "category": "Location",
            "offset": 0,
            "length": 5
          },
          {
            "category": "SkuNumber",
            "offset": 24,
            "length": 10
          }
        ]
      },
      "intentsResult": {
        "expectedIntent": "Carlies Inventory",
        "predictedIntent": "Carlies Inventory"
      }
    },
    {
      "text": "skew number 4900002891 location",
      "language": "en-us",
      "entitiesResult": {
        "expectedEntities": [
          {
            "category": "SkuNumber",
            "offset": 12,
            "length": 10
          },
          {
            "category": "Location",
            "offset": 23,
            "length": 8
          }
        ],
        "predictedEntities": [
          {
            "category": "SkuNumber",
            "offset": 12,
            "length": 10
          },
          {
            "category": "Location",
            "offset": 23,
            "length": 8
          }
        ]
      },
      "intentsResult": {
        "expectedIntent": "Carlies Inventory",
        "predictedIntent": "Carlies Inventory"
      }
    },
    {
      "text": "locate 54434543",
      "language": "en-us",
      "entitiesResult": {
        "expectedEntities": [
          {
            "category": "Location",
            "offset": 0,
            "length": 6
          },
          {
            "category": "SkuNumber",
            "offset": 7,
            "length": 8
          }
        ],
        "predictedEntities": [
          {
            "category": "SkuNumber",
            "offset": 7,
            "length": 8
          }
        ]
      },
      "intentsResult": {
        "expectedIntent": "Carlies Inventory",
        "predictedIntent": "Carlies Inventory"
      }
    },
    {
      "text": "where is the sku number 54434543 location",
      "language": "en-us",
      "entitiesResult": {
        "expectedEntities": [
          {
            "category": "Location",
            "offset": 0,
            "length": 5
          },
          {
            "category": "SkuNumber",
            "offset": 24,
            "length": 8
          },
          {
            "category": "Location",
            "offset": 33,
            "length": 8
          }
        ],
        "predictedEntities": [
          {
            "category": "Location",
            "offset": 0,
            "length": 5
          },
          {
            "category": "SkuNumber",
            "offset": 24,
            "length": 8
          },
          {
            "category": "Location",
            "offset": 33,
            "length": 8
          }
        ]
      },
      "intentsResult": {
        "expectedIntent": "Carlies Inventory",
        "predictedIntent": "Carlies Inventory"
      }
    },
    {
      "text": "what is the location of the sku number 4900002891",
      "language": "en-us",
      "entitiesResult": {
        "expectedEntities": [
          {
            "category": "Location",
            "offset": 12,
            "length": 8
          },
          {
            "category": "SkuNumber",
            "offset": 39,
            "length": 10
          }
        ],
        "predictedEntities": [
          {
            "category": "Location",
            "offset": 0,
            "length": 4
          },
          {
            "category": "Location",
            "offset": 12,
            "length": 8
          },
          {
            "category": "SkuNumber",
            "offset": 39,
            "length": 10
          }
        ]
      },
      "intentsResult": {
        "expectedIntent": "Carlies Inventory",
        "predictedIntent": "Carlies Inventory"
      }
    },
    {
      "text": "location of the skew 54434543",
      "language": "en-us",
      "entitiesResult": {
        "expectedEntities": [
          {
            "category": "Location",
            "offset": 0,
            "length": 8
          },
          {
            "category": "SkuNumber",
            "offset": 21,
            "length": 8
          }
        ],
        "predictedEntities": [
          {
            "category": "Location",
            "offset": 0,
            "length": 8
          },
          {
            "category": "SkuNumber",
            "offset": 21,
            "length": 8
          }
        ]
      },
      "intentsResult": {
        "expectedIntent": "Carlies Inventory",
        "predictedIntent": "Carlies Inventory"
      }
    },
    {
      "text": "location of skew 54434543",
      "language": "en-us",
      "entitiesResult": {
        "expectedEntities": [
          {
            "category": "Location",
            "offset": 0,
            "length": 8
          },
          {
            "category": "SkuNumber",
            "offset": 17,
            "length": 8
          }
        ],
        "predictedEntities": [
          {
            "category": "Location",
            "offset": 0,
            "length": 8
          },
          {
            "category": "SkuNumber",
            "offset": 17,
            "length": 8
          }
        ]
      },
      "intentsResult": {
        "expectedIntent": "Carlies Inventory",
        "predictedIntent": "Carlies Inventory"
      }
    },
    {
      "text": "location of the sku number 54434543",
      "language": "en-us",
      "entitiesResult": {
        "expectedEntities": [
          {
            "category": "Location",
            "offset": 0,
            "length": 8
          },
          {
            "category": "SkuNumber",
            "offset": 27,
            "length": 8
          }
        ],
        "predictedEntities": [
          {
            "category": "Location",
            "offset": 0,
            "length": 8
          },
          {
            "category": "SkuNumber",
            "offset": 27,
            "length": 8
          }
        ]
      },
      "intentsResult": {
        "expectedIntent": "Carlies Inventory",
        "predictedIntent": "Carlies Inventory"
      }
    },
    {
      "text": "location of the sku #54434543",
      "language": "en-us",
      "entitiesResult": {
        "expectedEntities": [
          {
            "category": "Location",
            "offset": 0,
            "length": 8
          },
          {
            "category": "SkuNumber",
            "offset": 21,
            "length": 8
          }
        ],
        "predictedEntities": [
          {
            "category": "Location",
            "offset": 0,
            "length": 8
          },
          {
            "category": "SkuNumber",
            "offset": 20,
            "length": 9
          }
        ]
      },
      "intentsResult": {
        "expectedIntent": "Carlies Inventory",
        "predictedIntent": "Carlies Inventory"
      }
    },
    {
      "text": "ohh ok",
      "language": "en-us",
      "entitiesResult": {
        "expectedEntities": [],
        "predictedEntities": []
      },
      "intentsResult": {
        "expectedIntent": "None",
        "predictedIntent": "None"
      }
    },
    {
      "text": "number 4900002891",
      "language": "en-us",
      "entitiesResult": {
        "expectedEntities": [],
        "predictedEntities": [
          {
            "category": "SkuNumber",
            "offset": 7,
            "length": 10
          }
        ]
      },
      "intentsResult": {
        "expectedIntent": "None",
        "predictedIntent": "Carlies Inventory"
      }
    }
  ],
  "nextLink": null
}