{
  "IntentConfigurationData": {
    "LabeledUtteranceInfos": {
      "LabeledUtteranceInfo": [
        {
          "Id": 9836414825,
          "Text": "what is the menu at the paris restaurant",
          "TokenizedText": {
            "string": [
              "what",
              "is",
              "the",
              "menu",
              "at",
              "the",
              "paris",
              "restaurant"
            ]
          },
          "IntentLabel": "Places.GetMenu",
          "EntityLabels": "",
          "IntentPredictions": {
            "IntentPrediction": [
              {
                "Name": "Places.GetMenu",
                "Score": 1
              },
              {
                "Name": "Weather.CheckWeatherValue",
                "Score": 0.000014682324
              },
              {
                "Name": "Weather.CheckWeatherTime",
                "Score": 0.0000063701173
              },
              {
                "Name": "Weather.QueryWeather",
                "Score": 0.000002064299
              },
              {
                "Name": "None",
                "Score": 1.3538461e-9
              }
            ]
          },
          "EntityPredictions": {
            "EntityPrediction": [
              {
                "EntityName": "Restaurant",
                "StartTokenIndex": 5,
                "EndTokenIndex": 7,
                "Phrase": "the paris restaurant"
              },
              {
                "EntityName": "geographyV2",
                "StartTokenIndex": 6,
                "EndTokenIndex": 6,
                "Phrase": "paris"
              }
            ]
          }
        },
        {
          "Id": 9836414824,
          "Text": "what is the menu at foster's pint and plate in rogers arkansas",
          "TokenizedText": {
            "string": [
              "what",
              "is",
              "the",
              "menu",
              "at",
              "foster",
              "'",
              "s",
              "pint",
              "and",
              "plate",
              "in",
              "rogers",
              "arkansas"
            ]
          },
          "IntentLabel": "Places.GetMenu",
          "EntityLabels": "",
          "IntentPredictions": {
            "IntentPrediction": [
              {
                "Name": "Places.GetMenu",
                "Score": 0.99999994
              },
              {
                "Name": "Weather.CheckWeatherValue",
                "Score": 0.00001598335
              },
              {
                "Name": "Weather.QueryWeather",
                "Score": 0.000005223924
              },
              {
                "Name": "Weather.CheckWeatherTime",
                "Score": 0.0000044614762
              },
              {
                "Name": "None",
                "Score": 1.3538461e-9
              }
            ]
          },
          "EntityPredictions": {
            "EntityPrediction": [
              {
                "EntityName": "Restaurant",
                "StartTokenIndex": 5,
                "EndTokenIndex": 13,
                "Phrase": "foster's pint and plate in rogers arkansas"
              },
              {
                "EntityName": "geographyV2",
                "StartTokenIndex": 13,
                "EndTokenIndex": 13,
                "Phrase": "arkansas"
              }
            ]
          }
        },
        {
          "Id": 9836414823,
          "Text": "what is on the menu at restaurant fifty five in dover delaware",
          "TokenizedText": {
            "string": [
              "what",
              "is",
              "on",
              "the",
              "menu",
              "at",
              "restaurant",
              "fifty",
              "five",
              "in",
              "dover",
              "delaware"
            ]
          },
          "IntentLabel": "Places.GetMenu",
          "EntityLabels": "",
          "IntentPredictions": {
            "IntentPrediction": [
              {
                "Name": "Places.GetMenu",
                "Score": 0.99999994
              },
              {
                "Name": "Weather.QueryWeather",
                "Score": 0.00002243874
              },
              {
                "Name": "Weather.CheckWeatherValue",
                "Score": 0.000004761882
              },
              {
                "Name": "Weather.CheckWeatherTime",
                "Score": 0.0000031389086
              },
              {
                "Name": "None",
                "Score": 1.3538461e-9
              }
            ]
          },
          "EntityPredictions": {
            "EntityPrediction": [
              {
                "EntityName": "Restaurant",
                "StartTokenIndex": 6,
                "EndTokenIndex": 11,
                "Phrase": "restaurant fifty five in dover delaware"
              },
              {
                "EntityName": "number",
                "StartTokenIndex": 7,
                "EndTokenIndex": 8,
                "Phrase": "fifty five"
              },
              {
                "EntityName": "geographyV2",
                "StartTokenIndex": 11,
                "EndTokenIndex": 11,
                "Phrase": "delaware"
              }
            ]
          }
        },
        {
          "Id": 9836414822,
          "Text": "what is olive garden's menu",
          "TokenizedText": {
            "string": [
              "what",
              "is",
              "olive",
              "garden",
              "'",
              "s",
              "menu"
            ]
          },
          "IntentLabel": "Places.GetMenu",
          "EntityLabels": "",
          "IntentPredictions": {
            "IntentPrediction": [
              {
                "Name": "Places.GetMenu",
                "Score": 0.9939082
              },
              {
                "Name": "Weather.CheckWeatherValue",
                "Score": 0.5825461
              },
              {
                "Name": "Weather.CheckWeatherTime",
                "Score": 0.06349315
              },
              {
                "Name": "Weather.QueryWeather",
                "Score": 0.062218912
              },
              {
                "Name": "None",
                "Score": 0.0014319079
              }
            ]
          },
          "EntityPredictions": ""
        },
        {
          "Id": 9836414821,
          "Text": "the white peacock restaurant in leicester menu",
          "TokenizedText": {
            "string": [
              "the",
              "white",
              "peacock",
              "restaurant",
              "in",
              "leicester",
              "menu"
            ]
          },
          "IntentLabel": "Places.GetMenu",
          "EntityLabels": "",
          "IntentPredictions": {
            "IntentPrediction": [
              {
                "Name": "Places.GetMenu",
                "Score": 0.96972543
              },
              {
                "Name": "Weather.CheckWeatherValue",
                "Score": 0.43803072
              },
              {
                "Name": "Weather.QueryWeather",
                "Score": 0.13320039
              },
              {
                "Name": "Weather.CheckWeatherTime",
                "Score": 0.05534337
              },
              {
                "Name": "None",
                "Score": 0.0014626884
              }
            ]
          },
          "EntityPredictions": {
            "EntityPrediction": {
              "EntityName": "geographyV2",
              "StartTokenIndex": 5,
              "EndTokenIndex": 5,
              "Phrase": "leicester"
            }
          }
        },
        {
          "Id": 9836414820,
          "Text": "the old spaghetti factory menu",
          "TokenizedText": {
            "string": [
              "the",
              "old",
              "spaghetti",
              "factory",
              "menu"
            ]
          },
          "IntentLabel": "Places.GetMenu",
          "EntityLabels": "",
          "IntentPredictions": {
            "IntentPrediction": [
              {
                "Name": "Places.GetMenu",
                "Score": 0.97964334
              },
              {
                "Name": "Weather.CheckWeatherValue",
                "Score": 0.60864353
              },
              {
                "Name": "Weather.QueryWeather",
                "Score": 0.08062273
              },
              {
                "Name": "Weather.CheckWeatherTime",
                "Score": 0.02988614
              },
              {
                "Name": "None",
                "Score": 0.0025382699
              }
            ]
          },
          "EntityPredictions": ""
        },
        {
          "Id": 9836414819,
          "Text": "the menu for roadhouse grill grand lake colorado",
          "TokenizedText": {
            "string": [
              "the",
              "menu",
              "for",
              "roadhouse",
              "grill",
              "grand",
              "lake",
              "colorado"
            ]
          },
          "IntentLabel": "Places.GetMenu",
          "EntityLabels": "",
          "IntentPredictions": {
            "IntentPrediction": [
              {
                "Name": "Places.GetMenu",
                "Score": 0.9767384
              },
              {
                "Name": "Weather.CheckWeatherValue",
                "Score": 0.5788673
              },
              {
                "Name": "Weather.QueryWeather",
                "Score": 0.10718554
              },
              {
                "Name": "Weather.CheckWeatherTime",
                "Score": 0.042672124
              },
              {
                "Name": "None",
                "Score": 0.0012570956
              }
            ]
          },
          "EntityPredictions": {
            "EntityPrediction": [
              {
                "EntityName": "geographyV2",
                "StartTokenIndex": 5,
                "EndTokenIndex": 6,
                "Phrase": "grand lake"
              },
              {
                "EntityName": "geographyV2",
                "StartTokenIndex": 7,
                "EndTokenIndex": 7,
                "Phrase": "colorado"
              }
            ]
          }
        },
        {
          "Id": 9836414818,
          "Text": "the menu for great wall china in faversham",
          "TokenizedText": {
            "string": [
              "the",
              "menu",
              "for",
              "great",
              "wall",
              "china",
              "in",
              "faversham"
            ]
          },
          "IntentLabel": "Places.GetMenu",
          "EntityLabels": "",
          "IntentPredictions": {
            "IntentPrediction": [
              {
                "Name": "Places.GetMenu",
                "Score": 0.98966986
              },
              {
                "Name": "Weather.CheckWeatherValue",
                "Score": 0.2622251
              },
              {
                "Name": "Weather.QueryWeather",
                "Score": 0.11348469
              },
              {
                "Name": "Weather.CheckWeatherTime",
                "Score": 0.05141193
              },
              {
                "Name": "None",
                "Score": 0.0034487052
              }
            ]
          },
          "EntityPredictions": {
            "EntityPrediction": [
              {
                "EntityName": "geographyV2",
                "StartTokenIndex": 3,
                "EndTokenIndex": 4,
                "Phrase": "great wall"
              },
              {
                "EntityName": "geographyV2",
                "StartTokenIndex": 5,
                "EndTokenIndex": 5,
                "Phrase": "china"
              }
            ]
          }
        },
        {
          "Id": 9836414817,
          "Text": "the menu for el pollo loco",
          "TokenizedText": {
            "string": [
              "the",
              "menu",
              "for",
              "el",
              "pollo",
              "loco"
            ]
          },
          "IntentLabel": "Places.GetMenu",
          "EntityLabels": "",
          "IntentPredictions": {
            "IntentPrediction": [
              {
                "Name": "Places.GetMenu",
                "Score": 0.97207993
              },
              {
                "Name": "Weather.CheckWeatherValue",
                "Score": 0.52475643
              },
              {
                "Name": "Weather.QueryWeather",
                "Score": 0.11505693
              },
              {
                "Name": "Weather.CheckWeatherTime",
                "Score": 0.03609328
              },
              {
                "Name": "None",
                "Score": 0.0019201444
              }
            ]
          },
          "EntityPredictions": ""
        },
        {
          "Id": 9836414816,
          "Text": "the menu for applebees on west lafayette road",
          "TokenizedText": {
            "string": [
              "the",
              "menu",
              "for",
              "applebees",
              "on",
              "west",
              "lafayette",
              "road"
            ]
          },
          "IntentLabel": "Places.GetMenu",
          "EntityLabels": "",
          "IntentPredictions": {
            "IntentPrediction": [
              {
                "Name": "Places.GetMenu",
                "Score": 0.9721939
              },
              {
                "Name": "Weather.CheckWeatherValue",
                "Score": 0.4499267
              },
              {
                "Name": "Weather.QueryWeather",
                "Score": 0.1703534
              },
              {
                "Name": "Weather.CheckWeatherTime",
                "Score": 0.04312466
              },
              {
                "Name": "None",
                "Score": 0.0012521063
              }
            ]
          },
          "EntityPredictions": {
            "EntityPrediction": {
              "EntityName": "geographyV2",
              "StartTokenIndex": 6,
              "EndTokenIndex": 6,
              "Phrase": "lafayette"
            }
          }
        },
        {
          "Id": 9836414815,
          "Text": "the menu for abc saffron walden",
          "TokenizedText": {
            "string": [
              "the",
              "menu",
              "for",
              "abc",
              "saffron",
              "walden"
            ]
          },
          "IntentLabel": "Places.GetMenu",
          "EntityLabels": "",
          "IntentPredictions": {
            "IntentPrediction": [
              {
                "Name": "Places.GetMenu",
                "Score": 0.96786445
              },
              {
                "Name": "Weather.CheckWeatherValue",
                "Score": 0.5210823
              },
              {
                "Name": "Weather.QueryWeather",
                "Score": 0.116685696
              },
              {
                "Name": "Weather.CheckWeatherTime",
                "Score": 0.036249485
              },
              {
                "Name": "None",
                "Score": 0.0019281359
              }
            ]
          },
          "EntityPredictions": {
            "EntityPrediction": {
              "EntityName": "geographyV2",
              "StartTokenIndex": 5,
              "EndTokenIndex": 5,
              "Phrase": "walden"
            }
          }
        },
        {
          "Id": 9836414814,
          "Text": "the menu at park burger",
          "TokenizedText": {
            "string": [
              "the",
              "menu",
              "at",
              "park",
              "burger"
            ]
          },
          "IntentLabel": "Places.GetMenu",
          "EntityLabels": "",
          "IntentPredictions": {
            "IntentPrediction": [
              {
                "Name": "Places.GetMenu",
                "Score": 1
              },
              {
                "Name": "Weather.CheckWeatherValue",
                "Score": 0.000094038776
              },
              {
                "Name": "Weather.QueryWeather",
                "Score": 0.0000030472954
              },
              {
                "Name": "Weather.CheckWeatherTime",
                "Score": 3.6462168e-7
              },
              {
                "Name": "None",
                "Score": 1.3538461e-9
              }
            ]
          },
          "EntityPredictions": {
            "EntityPrediction": {
              "EntityName": "Restaurant",
              "StartTokenIndex": 3,
              "EndTokenIndex": 4,
              "Phrase": "park burger"
            }
          }
        },
        {
          "Id": 9836414813,
          "Text": "the kid's menu at olive garden",
          "TokenizedText": {
            "string": [
              "the",
              "kid",
              "'",
              "s",
              "menu",
              "at",
              "olive",
              "garden"
            ]
          },
          "IntentLabel": "Places.GetMenu",
          "EntityLabels": "",
          "IntentPredictions": {
            "IntentPrediction": [
              {
                "Name": "Places.GetMenu",
                "Score": 1
              },
              {
                "Name": "Weather.CheckWeatherValue",
                "Score": 0.000050755
              },
              {
                "Name": "Weather.QueryWeather",
                "Score": 0.0000030472954
              },
              {
                "Name": "Weather.CheckWeatherTime",
                "Score": 0.0000011164182
              },
              {
                "Name": "None",
                "Score": 1.3538461e-9
              }
            ]
          },
          "EntityPredictions": {
            "EntityPrediction": {
              "EntityName": "Restaurant",
              "StartTokenIndex": 6,
              "EndTokenIndex": 7,
              "Phrase": "olive garden"
            }
          }
        },
        {
          "Id": 9836414812,
          "Text": "the happy hour menu for the beachcomber in wellfleet",
          "TokenizedText": {
            "string": [
              "the",
              "happy",
              "hour",
              "menu",
              "for",
              "the",
              "beachcomber",
              "in",
              "wellfleet"
            ]
          },
          "IntentLabel": "Places.GetMenu",
          "EntityLabels": "",
          "IntentPredictions": {
            "IntentPrediction": [
              {
                "Name": "Places.GetMenu",
                "Score": 0.98575044
              },
              {
                "Name": "Weather.CheckWeatherValue",
                "Score": 0.24233188
              },
              {
                "Name": "Weather.QueryWeather",
                "Score": 0.12594269
              },
              {
                "Name": "Weather.CheckWeatherTime",
                "Score": 0.066901326
              },
              {
                "Name": "None",
                "Score": 0.0022914405
              }
            ]
          },
          "EntityPredictions": {
            "EntityPrediction": {
              "EntityName": "geographyV2",
              "StartTokenIndex": 8,
              "EndTokenIndex": 8,
              "Phrase": "wellfleet"
            }
          }
        },
        {
          "Id": 9836414811,
          "Text": "the happy hour menu for gunpowder lodge",
          "TokenizedText": {
            "string": [
              "the",
              "happy",
              "hour",
              "menu",
              "for",
              "gunpowder",
              "lodge"
            ]
          },
          "IntentLabel": "Places.GetMenu",
          "EntityLabels": "",
          "IntentPredictions": {
            "IntentPrediction": [
              {
                "Name": "Places.GetMenu",
                "Score": 0.9796534
              },
              {
                "Name": "Weather.CheckWeatherValue",
                "Score": 0.43717605
              },
              {
                "Name": "Weather.QueryWeather",
                "Score": 0.14095785
              },
              {
                "Name": "Weather.CheckWeatherTime",
                "Score": 0.04704341
              },
              {
                "Name": "None",
                "Score": 0.0015411676
              }
            ]
          },
          "EntityPredictions": ""
        },
        {
          "Id": 9836414810,
          "Text": "the happy hour menu for chilis",
          "TokenizedText": {
            "string": [
              "the",
              "happy",
              "hour",
              "menu",
              "for",
              "chilis"
            ]
          },
          "IntentLabel": "Places.GetMenu",
          "EntityLabels": "",
          "IntentPredictions": {
            "IntentPrediction": [
              {
                "Name": "Places.GetMenu",
                "Score": 0.9926689
              },
              {
                "Name": "Weather.CheckWeatherValue",
                "Score": 0.53588223
              },
              {
                "Name": "Weather.QueryWeather",
                "Score": 0.11023739
              },
              {
                "Name": "Weather.CheckWeatherTime",
                "Score": 0.035623424
              },
              {
                "Name": "None",
                "Score": 0.0018961016
              }
            ]
          },
          "EntityPredictions": ""
        },
        {
          "Id": 9836414809,
          "Text": "the happy hour menu at carrabas",
          "TokenizedText": {
            "string": [
              "the",
              "happy",
              "hour",
              "menu",
              "at",
              "carrabas"
            ]
          },
          "IntentLabel": "Places.GetMenu",
          "EntityLabels": "",
          "IntentPredictions": {
            "IntentPrediction": [
              {
                "Name": "Places.GetMenu",
                "Score": 1
              },
              {
                "Name": "Weather.CheckWeatherValue",
                "Score": 0.0000270826
              },
              {
                "Name": "Weather.QueryWeather",
                "Score": 0.0000023848415
              },
              {
                "Name": "None",
                "Score": 0.0000013675195
              },
              {
                "Name": "Weather.CheckWeatherTime",
                "Score": 3.6462168e-7
              }
            ]
          },
          "EntityPredictions": {
            "EntityPrediction": [
              {
                "EntityName": "Weather.Historic",
                "StartTokenIndex": 1,
                "EndTokenIndex": 2,
                "Phrase": "happy hour"
              },
              {
                "EntityName": "Restaurant",
                "StartTokenIndex": 5,
                "EndTokenIndex": 5,
                "Phrase": "carrabas"
              }
            ]
          }
        },
        {
          "Id": 9836414808,
          "Text": "the cocktail menu for steveno",
          "TokenizedText": {
            "string": [
              "the",
              "cocktail",
              "menu",
              "for",
              "steveno"
            ]
          },
          "IntentLabel": "Places.GetMenu",
          "EntityLabels": "",
          "IntentPredictions": {
            "IntentPrediction": [
              {
                "Name": "Places.GetMenu",
                "Score": 0.99848074
              },
              {
                "Name": "Weather.CheckWeatherValue",
                "Score": 0.45525894
              },
              {
                "Name": "Weather.QueryWeather",
                "Score": 0.0542624
              },
              {
                "Name": "Weather.CheckWeatherTime",
                "Score": 0.020199012
              },
              {
                "Name": "None",
                "Score": 0.009153545
              }
            ]
          },
          "EntityPredictions": ""
        },
        {
          "Id": 9836414807,
          "Text": "taco bell's menu",
          "TokenizedText": {
            "string": [
              "taco",
              "bell",
              "'",
              "s",
              "menu"
            ]
          },
          "IntentLabel": "Places.GetMenu",
          "EntityLabels": "",
          "IntentPredictions": {
            "IntentPrediction": [
              {
                "Name": "Places.GetMenu",
                "Score": 0.9905615
              },
              {
                "Name": "Weather.CheckWeatherValue",
                "Score": 0.7516203
              },
              {
                "Name": "Weather.QueryWeather",
                "Score": 0.061901826
              },
              {
                "Name": "Weather.CheckWeatherTime",
                "Score": 0.02005665
              },
              {
                "Name": "None",
                "Score": 0.0025780206
              }
            ]
          },
          "EntityPredictions": ""
        },
        {
          "Id": 9836414806,
          "Text": "steak and shake s menu",
          "TokenizedText": {
            "string": [
              "steak",
              "and",
              "shake",
              "s",
              "menu"
            ]
          },
          "IntentLabel": "Places.GetMenu",
          "EntityLabels": "",
          "IntentPredictions": {
            "IntentPrediction": [
              {
                "Name": "Places.GetMenu",
                "Score": 0.98824763
              },
              {
                "Name": "Weather.CheckWeatherValue",
                "Score": 0.7505893
              },
              {
                "Name": "Weather.QueryWeather",
                "Score": 0.06896942
              },
              {
                "Name": "Weather.CheckWeatherTime",
                "Score": 0.01871403
              },
              {
                "Name": "None",
                "Score": 0.0025804853
              }
            ]
          },
          "EntityPredictions": ""
        },
        {
          "Id": 9836414805,
          "Text": "show the menu for vito's cafe",
          "TokenizedText": {
            "string": [
              "show",
              "the",
              "menu",
              "for",
              "vito",
              "'",
              "s",
              "cafe"
            ]
          },
          "IntentLabel": "Places.GetMenu",
          "EntityLabels": "",
          "IntentPredictions": {
            "IntentPrediction": [
              {
                "Name": "Places.GetMenu",
                "Score": 0.9872616
              },
              {
                "Name": "Weather.CheckWeatherValue",
                "Score": 0.55947804
              },
              {
                "Name": "Weather.QueryWeather",
                "Score": 0.09357073
              },
              {
                "Name": "Weather.CheckWeatherTime",
                "Score": 0.043435574
              },
              {
                "Name": "None",
                "Score": 0.0012031998
              }
            ]
          },
          "EntityPredictions": ""
        },
        {
          "Id": 9836414804,
          "Text": "show the kids menu for mcdonald's",
          "TokenizedText": {
            "string": [
              "show",
              "the",
              "kids",
              "menu",
              "for",
              "mcdonald",
              "'",
              "s"
            ]
          },
          "IntentLabel": "Places.GetMenu",
          "EntityLabels": "",
          "IntentPredictions": {
            "IntentPrediction": [
              {
                "Name": "Places.GetMenu",
                "Score": 1
              },
              {
                "Name": "Weather.CheckWeatherValue",
                "Score": 0.000039101036
              },
              {
                "Name": "Weather.QueryWeather",
                "Score": 0.0000023848415
              },
              {
                "Name": "Weather.CheckWeatherTime",
                "Score": 0.0000015040628
              },
              {
                "Name": "None",
                "Score": 1.3538461e-9
              }
            ]
          },
          "EntityPredictions": {
            "EntityPrediction": [
              {
                "EntityName": "FoodItem",
                "StartTokenIndex": 2,
                "EndTokenIndex": 2,
                "Phrase": "kids"
              },
              {
                "EntityName": "Restaurant",
                "StartTokenIndex": 5,
                "EndTokenIndex": 7,
                "Phrase": "mcdonald's"
              }
            ]
          }
        },
        {
          "Id": 9836414803,
          "Text": "show the cocktail menu for becky s place",
          "TokenizedText": {
            "string": [
              "show",
              "the",
              "cocktail",
              "menu",
              "for",
              "becky",
              "s",
              "place"
            ]
          },
          "IntentLabel": "Places.GetMenu",
          "EntityLabels": "",
          "IntentPredictions": {
            "IntentPrediction": [
              {
                "Name": "Places.GetMenu",
                "Score": 1
              },
              {
                "Name": "Weather.CheckWeatherValue",
                "Score": 0.0000270826
              },
              {
                "Name": "Weather.QueryWeather",
                "Score": 0.000003389687
              },
              {
                "Name": "Weather.CheckWeatherTime",
                "Score": 0.0000015040628
              },
              {
                "Name": "None",
                "Score": 1.3538461e-9
              }
            ]
          },
          "EntityPredictions": {
            "EntityPrediction": [
              {
                "EntityName": "FoodItem",
                "StartTokenIndex": 2,
                "EndTokenIndex": 2,
                "Phrase": "cocktail"
              },
              {
                "EntityName": "Restaurant",
                "StartTokenIndex": 5,
                "EndTokenIndex": 7,
                "Phrase": "becky s place"
              }
            ]
          }
        },
        {
          "Id": 9836414802,
          "Text": "show kids menu for pizza hut",
          "TokenizedText": {
            "string": [
              "show",
              "kids",
              "menu",
              "for",
              "pizza",
              "hut"
            ]
          },
          "IntentLabel": "Places.GetMenu",
          "EntityLabels": "",
          "IntentPredictions": {
            "IntentPrediction": [
              {
                "Name": "Places.GetMenu",
                "Score": 0.99786294
              },
              {
                "Name": "Weather.CheckWeatherValue",
                "Score": 0.4833437
              },
              {
                "Name": "Weather.QueryWeather",
                "Score": 0.16008344
              },
              {
                "Name": "Weather.CheckWeatherTime",
                "Score": 0.034080442
              },
              {
                "Name": "None",
                "Score": 0.0019962934
              }
            ]
          },
          "EntityPredictions": ""
        },
        {
          "Id": 9836414801,
          "Text": "show kid's menu at kfc",
          "TokenizedText": {
            "string": [
              "show",
              "kid",
              "'",
              "s",
              "menu",
              "at",
              "kfc"
            ]
          },
          "IntentLabel": "Places.GetMenu",
          "EntityLabels": "",
          "IntentPredictions": {
            "IntentPrediction": [
              {
                "Name": "Places.GetMenu",
                "Score": 1
              },
              {
                "Name": "Weather.CheckWeatherValue",
                "Score": 0.00006428158
              },
              {
                "Name": "Weather.QueryWeather",
                "Score": 0.00000373986
              },
              {
                "Name": "Weather.CheckWeatherTime",
                "Score": 7.366844e-7
              },
              {
                "Name": "None",
                "Score": 1.3538461e-9
              }
            ]
          },
          "EntityPredictions": {
            "EntityPrediction": {
              "EntityName": "Restaurant",
              "StartTokenIndex": 6,
              "EndTokenIndex": 6,
              "Phrase": "kfc"
            }
          }
        },
        {
          "Id": 9836414800,
          "Text": "show duffy's happy hour menu",
          "TokenizedText": {
            "string": [
              "show",
              "duffy",
              "'",
              "s",
              "happy",
              "hour",
              "menu"
            ]
          },
          "IntentLabel": "Places.GetMenu",
          "EntityLabels": "",
          "IntentPredictions": {
            "IntentPrediction": [
              {
                "Name": "Places.GetMenu",
                "Score": 0.98968005
              },
              {
                "Name": "Weather.CheckWeatherValue",
                "Score": 0.55027515
              },
              {
                "Name": "Weather.QueryWeather",
                "Score": 0.10850731
              },
              {
                "Name": "Weather.CheckWeatherTime",
                "Score": 0.038127318
              },
              {
                "Name": "None",
                "Score": 0.0016040546
              }
            ]
          },
          "EntityPredictions": ""
        },
        {
          "Id": 9836414799,
          "Text": "show drink menu for green iguana",
          "TokenizedText": {
            "string": [
              "show",
              "drink",
              "menu",
              "for",
              "green",
              "iguana"
            ]
          },
          "IntentLabel": "Places.GetMenu",
          "EntityLabels": "",
          "IntentPredictions": {
            "IntentPrediction": [
              {
                "Name": "Places.GetMenu",
                "Score": 0.9797339
              },
              {
                "Name": "Weather.CheckWeatherValue",
                "Score": 0.47881234
              },
              {
                "Name": "Weather.QueryWeather",
                "Score": 0.15835087
              },
              {
                "Name": "Weather.CheckWeatherTime",
                "Score": 0.03484878
              },
              {
                "Name": "None",
                "Score": 0.002009063
              }
            ]
          },
          "EntityPredictions": ""
        },
        {
          "Id": 9836414798,
          "Text": "show cocktail menu for pizza villa",
          "TokenizedText": {
            "string": [
              "show",
              "cocktail",
              "menu",
              "for",
              "pizza",
              "villa"
            ]
          },
          "IntentLabel": "Places.GetMenu",
          "EntityLabels": "",
          "IntentPredictions": {
            "IntentPrediction": [
              {
                "Name": "Places.GetMenu",
                "Score": 0.99014
              },
              {
                "Name": "Weather.CheckWeatherValue",
                "Score": 0.47998777
              },
              {
                "Name": "Weather.QueryWeather",
                "Score": 0.15879895
              },
              {
                "Name": "Weather.CheckWeatherTime",
                "Score": 0.034647845
              },
              {
                "Name": "None",
                "Score": 0.0020057415
              }
            ]
          },
          "EntityPredictions": ""
        },
        {
          "Id": 9836414797,
          "Text": "see the menu for chipotle",
          "TokenizedText": {
            "string": [
              "see",
              "the",
              "menu",
              "for",
              "chipotle"
            ]
          },
          "IntentLabel": "Places.GetMenu",
          "EntityLabels": "",
          "IntentPredictions": {
            "IntentPrediction": [
              {
                "Name": "Places.GetMenu",
                "Score": 0.9992536
              },
              {
                "Name": "Weather.CheckWeatherValue",
                "Score": 0.64649314
              },
              {
                "Name": "Weather.QueryWeather",
                "Score": 0.08202766
              },
              {
                "Name": "Weather.CheckWeatherTime",
                "Score": 0.025732676
              },
              {
                "Name": "None",
                "Score": 0.0024068553
              }
            ]
          },
          "EntityPredictions": ""
        },
        {
          "Id": 9836414796,
          "Text": "see the cocktail menu for lucys",
          "TokenizedText": {
            "string": [
              "see",
              "the",
              "cocktail",
              "menu",
              "for",
              "lucys"
            ]
          },
          "IntentLabel": "Places.GetMenu",
          "EntityLabels": "",
          "IntentPredictions": {
            "IntentPrediction": [
              {
                "Name": "Places.GetMenu",
                "Score": 0.99712926
              },
              {
                "Name": "Weather.CheckWeatherValue",
                "Score": 0.28919992
              },
              {
                "Name": "Weather.QueryWeather",
                "Score": 0.13566014
              },
              {
                "Name": "Weather.CheckWeatherTime",
                "Score": 0.023996165
              },
              {
                "Name": "None",
                "Score": 0.006429149
              }
            ]
          },
          "EntityPredictions": ""
        },
        {
          "Id": 9836414795,
          "Text": "pull up the kids menu for marios",
          "TokenizedText": {
            "string": [
              "pull",
              "up",
              "the",
              "kids",
              "menu",
              "for",
              "marios"
            ]
          },
          "IntentLabel": "Places.GetMenu",
          "EntityLabels": "",
          "IntentPredictions": {
            "IntentPrediction": [
              {
                "Name": "Places.GetMenu",
                "Score": 0.9859627
              },
              {
                "Name": "Weather.CheckWeatherValue",
                "Score": 0.4417928
              },
              {
                "Name": "Weather.QueryWeather",
                "Score": 0.1385257
              },
              {
                "Name": "Weather.CheckWeatherTime",
                "Score": 0.046788447
              },
              {
                "Name": "None",
                "Score": 0.0015330393
              }
            ]
          },
          "EntityPredictions": ""
        },
        {
          "Id": 9836414794,
          "Text": "outback steakhouse restaurant menu",
          "TokenizedText": {
            "string": [
              "outback",
              "steakhouse",
              "restaurant",
              "menu"
            ]
          },
          "IntentLabel": "Places.GetMenu",
          "EntityLabels": "",
          "IntentPredictions": {
            "IntentPrediction": [
              {
                "Name": "Places.GetMenu",
                "Score": 0.9825169
              },
              {
                "Name": "Weather.CheckWeatherValue",
                "Score": 0.66060436
              },
              {
                "Name": "Weather.QueryWeather",
                "Score": 0.09264852
              },
              {
                "Name": "Weather.CheckWeatherTime",
                "Score": 0.020150898
              },
              {
                "Name": "None",
                "Score": 0.003654258
              }
            ]
          },
          "EntityPredictions": ""
        },
        {
          "Id": 9836414793,
          "Text": "menu for tarasco's tacos and wings cartersville",
          "TokenizedText": {
            "string": [
              "menu",
              "for",
              "tarasco",
              "'",
              "s",
              "tacos",
              "and",
              "wings",
              "cartersville"
            ]
          },
          "IntentLabel": "Places.GetMenu",
          "EntityLabels": "",
          "IntentPredictions": {
            "IntentPrediction": [
              {
                "Name": "Places.GetMenu",
                "Score": 0.98057866
              },
              {
                "Name": "Weather.CheckWeatherValue",
                "Score": 0.32101747
              },
              {
                "Name": "Weather.CheckWeatherTime",
                "Score": 0.082806945
              },
              {
                "Name": "Weather.QueryWeather",
                "Score": 0.07174846
              },
              {
                "Name": "None",
                "Score": 0.0024992358
              }
            ]
          },
          "EntityPredictions": {
            "EntityPrediction": {
              "EntityName": "geographyV2",
              "StartTokenIndex": 8,
              "EndTokenIndex": 8,
              "Phrase": "cartersville"
            }
          }
        },
        {
          "Id": 9836414792,
          "Text": "menu for pino's pizzeria",
          "TokenizedText": {
            "string": [
              "menu",
              "for",
              "pino",
              "'",
              "s",
              "pizzeria"
            ]
          },
          "IntentLabel": "Places.GetMenu",
          "EntityLabels": "",
          "IntentPredictions": {
            "IntentPrediction": [
              {
                "Name": "Places.GetMenu",
                "Score": 0.98445135
              },
              {
                "Name": "Weather.CheckWeatherValue",
                "Score": 0.6501284
              },
              {
                "Name": "Weather.QueryWeather",
                "Score": 0.09591182
              },
              {
                "Name": "Weather.CheckWeatherTime",
                "Score": 0.026215695
              },
              {
                "Name": "None",
                "Score": 0.0019428396
              }
            ]
          },
          "EntityPredictions": ""
        },
        {
          "Id": 9836414791,
          "Text": "menu for fish house",
          "TokenizedText": {
            "string": [
              "menu",
              "for",
              "fish",
              "house"
            ]
          },
          "IntentLabel": "Places.GetMenu",
          "EntityLabels": "",
          "IntentPredictions": {
            "IntentPrediction": [
              {
                "Name": "Places.GetMenu",
                "Score": 0.99676466
              },
              {
                "Name": "Weather.CheckWeatherValue",
                "Score": 0.6906219
              },
              {
                "Name": "Weather.QueryWeather",
                "Score": 0.101196304
              },
              {
                "Name": "Weather.CheckWeatherTime",
                "Score": 0.016981931
              },
              {
                "Name": "None",
                "Score": 0.0034827765
              }
            ]
          },
          "EntityPredictions": ""
        },
        {
          "Id": 9836414790,
          "Text": "kid menu for olive garden",
          "TokenizedText": {
            "string": [
              "kid",
              "menu",
              "for",
              "olive",
              "garden"
            ]
          },
          "IntentLabel": "Places.GetMenu",
          "EntityLabels": "",
          "IntentPredictions": {
            "IntentPrediction": [
              {
                "Name": "Places.GetMenu",
                "Score": 0.99178064
              },
              {
                "Name": "Weather.CheckWeatherValue",
                "Score": 0.5772352
              },
              {
                "Name": "Weather.QueryWeather",
                "Score": 0.128613
              },
              {
                "Name": "Weather.CheckWeatherTime",
                "Score": 0.025440663
              },
              {
                "Name": "None",
                "Score": 0.002594797
              }
            ]
          },
          "EntityPredictions": ""
        },
        {
          "Id": 9836414789,
          "Text": "i need the menu for chipotle grill",
          "TokenizedText": {
            "string": [
              "i",
              "need",
              "the",
              "menu",
              "for",
              "chipotle",
              "grill"
            ]
          },
          "IntentLabel": "Places.GetMenu",
          "EntityLabels": "",
          "IntentPredictions": {
            "IntentPrediction": [
              {
                "Name": "Places.GetMenu",
                "Score": 0.99761915
              },
              {
                "Name": "Weather.CheckWeatherValue",
                "Score": 0.31189546
              },
              {
                "Name": "Weather.QueryWeather",
                "Score": 0.31049344
              },
              {
                "Name": "Weather.CheckWeatherTime",
                "Score": 0.020119915
              },
              {
                "Name": "None",
                "Score": 0.0014321257
              }
            ]
          },
          "EntityPredictions": ""
        },
        {
          "Id": 9836414788,
          "Text": "i need a menu for ihop",
          "TokenizedText": {
            "string": [
              "i",
              "need",
              "a",
              "menu",
              "for",
              "ihop"
            ]
          },
          "IntentLabel": "Places.GetMenu",
          "EntityLabels": "",
          "IntentPredictions": {
            "IntentPrediction": [
              {
                "Name": "Places.GetMenu",
                "Score": 0.9894677
              },
              {
                "Name": "Weather.QueryWeather",
                "Score": 0.45020217
              },
              {
                "Name": "Weather.CheckWeatherValue",
                "Score": 0.27686703
              },
              {
                "Name": "Weather.CheckWeatherTime",
                "Score": 0.013989005
              },
              {
                "Name": "None",
                "Score": 0.001873973
              }
            ]
          },
          "EntityPredictions": ""
        },
        {
          "Id": 9836414787,
          "Text": "happy hour menu for joe's",
          "TokenizedText": {
            "string": [
              "happy",
              "hour",
              "menu",
              "for",
              "joe",
              "'",
              "s"
            ]
          },
          "IntentLabel": "Places.GetMenu",
          "EntityLabels": "",
          "IntentPredictions": {
            "IntentPrediction": [
              {
                "Name": "Places.GetMenu",
                "Score": 0.99760175
              },
              {
                "Name": "Weather.CheckWeatherValue",
                "Score": 0.6033808
              },
              {
                "Name": "Weather.QueryWeather",
                "Score": 0.10777534
              },
              {
                "Name": "Weather.CheckWeatherTime",
                "Score": 0.031869162
              },
              {
                "Name": "None",
                "Score": 0.0015348283
              }
            ]
          },
          "EntityPredictions": ""
        },
        {
          "Id": 9836414786,
          "Text": "happy hour menu for daniels pub",
          "TokenizedText": {
            "string": [
              "happy",
              "hour",
              "menu",
              "for",
              "daniels",
              "pub"
            ]
          },
          "IntentLabel": "Places.GetMenu",
          "EntityLabels": "",
          "IntentPredictions": {
            "IntentPrediction": [
              {
                "Name": "Places.GetMenu",
                "Score": 0.9869067
              },
              {
                "Name": "Weather.CheckWeatherValue",
                "Score": 0.4782635
              },
              {
                "Name": "Weather.QueryWeather",
                "Score": 0.15814197
              },
              {
                "Name": "Weather.CheckWeatherTime",
                "Score": 0.034943018
              },
              {
                "Name": "None",
                "Score": 0.0020106155
              }
            ]
          },
          "EntityPredictions": ""
        },
        {
          "Id": 9836414785,
          "Text": "find wendy's restaurant menu",
          "TokenizedText": {
            "string": [
              "find",
              "wendy",
              "'",
              "s",
              "restaurant",
              "menu"
            ]
          },
          "IntentLabel": "Places.GetMenu",
          "EntityLabels": "",
          "IntentPredictions": {
            "IntentPrediction": [
              {
                "Name": "Places.GetMenu",
                "Score": 0.9975299
              },
              {
                "Name": "Weather.CheckWeatherValue",
                "Score": 0.67649114
              },
              {
                "Name": "Weather.QueryWeather",
                "Score": 0.076975755
              },
              {
                "Name": "Weather.CheckWeatherTime",
                "Score": 0.027040437
              },
              {
                "Name": "None",
                "Score": 0.0019883495
              }
            ]
          },
          "EntityPredictions": ""
        },
        {
          "Id": 9836414784,
          "Text": "find the menu for olive garden",
          "TokenizedText": {
            "string": [
              "find",
              "the",
              "menu",
              "for",
              "olive",
              "garden"
            ]
          },
          "IntentLabel": "Places.GetMenu",
          "EntityLabels": "",
          "IntentPredictions": {
            "IntentPrediction": [
              {
                "Name": "Places.GetMenu",
                "Score": 0.99725264
              },
              {
                "Name": "Weather.CheckWeatherValue",
                "Score": 0.54494596
              },
              {
                "Name": "Weather.QueryWeather",
                "Score": 0.106432036
              },
              {
                "Name": "Weather.CheckWeatherTime",
                "Score": 0.03524395
              },
              {
                "Name": "None",
                "Score": 0.0018766824
              }
            ]
          },
          "EntityPredictions": ""
        },
        {
          "Id": 9836414783,
          "Text": "find the kids menu for tgi friday s",
          "TokenizedText": {
            "string": [
              "find",
              "the",
              "kids",
              "menu",
              "for",
              "tgi",
              "friday",
              "s"
            ]
          },
          "IntentLabel": "Places.GetMenu",
          "EntityLabels": "",
          "IntentPredictions": {
            "IntentPrediction": [
              {
                "Name": "Places.GetMenu",
                "Score": 0.9932906
              },
              {
                "Name": "Weather.CheckWeatherValue",
                "Score": 0.4959375
              },
              {
                "Name": "Weather.QueryWeather",
                "Score": 0.12743855
              },
              {
                "Name": "Weather.CheckWeatherTime",
                "Score": 0.03905767
              },
              {
                "Name": "None",
                "Score": 0.0012177997
              }
            ]
          },
          "EntityPredictions": {
            "EntityPrediction": {
              "EntityName": "datetimeV2",
              "StartTokenIndex": 6,
              "EndTokenIndex": 6,
              "Phrase": "friday"
            }
          }
        },
        {
          "Id": 9836414782,
          "Text": "find red lobster kids menu",
          "TokenizedText": {
            "string": [
              "find",
              "red",
              "lobster",
              "kids",
              "menu"
            ]
          },
          "IntentLabel": "Places.GetMenu",
          "EntityLabels": "",
          "IntentPredictions": {
            "IntentPrediction": [
              {
                "Name": "Places.GetMenu",
                "Score": 0.9934491
              },
              {
                "Name": "Weather.CheckWeatherValue",
                "Score": 0.55168253
              },
              {
                "Name": "Weather.QueryWeather",
                "Score": 0.12053143
              },
              {
                "Name": "Weather.CheckWeatherTime",
                "Score": 0.028933736
              },
              {
                "Name": "None",
                "Score": 0.0026912452
              }
            ]
          },
          "EntityPredictions": ""
        },
        {
          "Id": 9836414781,
          "Text": "find kids meals at chipotle",
          "TokenizedText": {
            "string": [
              "find",
              "kids",
              "meals",
              "at",
              "chipotle"
            ]
          },
          "IntentLabel": "Places.GetMenu",
          "EntityLabels": "",
          "IntentPredictions": {
            "IntentPrediction": [
              {
                "Name": "Places.GetMenu",
                "Score": 0.88413876
              },
              {
                "Name": "Weather.CheckWeatherValue",
                "Score": 0.69277036
              },
              {
                "Name": "Weather.QueryWeather",
                "Score": 0.13845985
              },
              {
                "Name": "Weather.CheckWeatherTime",
                "Score": 0.015179536
              },
              {
                "Name": "None",
                "Score": 0.0024808038
              }
            ]
          },
          "EntityPredictions": ""
        },
        {
          "Id": 9836414780,
          "Text": "find applebees kids menu",
          "TokenizedText": {
            "string": [
              "find",
              "applebees",
              "kids",
              "menu"
            ]
          },
          "IntentLabel": "Places.GetMenu",
          "EntityLabels": "",
          "IntentPredictions": {
            "IntentPrediction": [
              {
                "Name": "Places.GetMenu",
                "Score": 0.99535215
              },
              {
                "Name": "Weather.CheckWeatherValue",
                "Score": 0.66060436
              },
              {
                "Name": "Weather.QueryWeather",
                "Score": 0.09264852
              },
              {
                "Name": "Weather.CheckWeatherTime",
                "Score": 0.020150898
              },
              {
                "Name": "None",
                "Score": 0.003654258
              }
            ]
          },
          "EntityPredictions": ""
        },
        {
          "Id": 9836414779,
          "Text": "find a menu for laplace frostop",
          "TokenizedText": {
            "string": [
              "find",
              "a",
              "menu",
              "for",
              "laplace",
              "frostop"
            ]
          },
          "IntentLabel": "Places.GetMenu",
          "EntityLabels": "",
          "IntentPredictions": {
            "IntentPrediction": [
              {
                "Name": "Places.GetMenu",
                "Score": 0.9903246
              },
              {
                "Name": "Weather.CheckWeatherValue",
                "Score": 0.62562823
              },
              {
                "Name": "Weather.QueryWeather",
                "Score": 0.11029475
              },
              {
                "Name": "Weather.CheckWeatherTime",
                "Score": 0.015781872
              },
              {
                "Name": "None",
                "Score": 0.0052535473
              }
            ]
          },
          "EntityPredictions": ""
        },
        {
          "Id": 9836414778,
          "Text": "fall city roadhouse happy hour menu",
          "TokenizedText": {
            "string": [
              "fall",
              "city",
              "roadhouse",
              "happy",
              "hour",
              "menu"
            ]
          },
          "IntentLabel": "Places.GetMenu",
          "EntityLabels": "",
          "IntentPredictions": {
            "IntentPrediction": [
              {
                "Name": "Places.GetMenu",
                "Score": 0.98414207
              },
              {
                "Name": "Weather.CheckWeatherValue",
                "Score": 0.75750405
              },
              {
                "Name": "Weather.QueryWeather",
                "Score": 0.07667955
              },
              {
                "Name": "Weather.CheckWeatherTime",
                "Score": 0.02571793
              },
              {
                "Name": "None",
                "Score": 0.0019894761
              }
            ]
          },
          "EntityPredictions": {
            "EntityPrediction": {
              "EntityName": "datetimeV2",
              "StartTokenIndex": 0,
              "EndTokenIndex": 0,
              "Phrase": "fall"
            }
          }
        },
        {
          "Id": 9836414777,
          "Text": "domino s pizza in walkertown menu",
          "TokenizedText": {
            "string": [
              "domino",
              "s",
              "pizza",
              "in",
              "walkertown",
              "menu"
            ]
          },
          "IntentLabel": "Places.GetMenu",
          "EntityLabels": "",
          "IntentPredictions": {
            "IntentPrediction": [
              {
                "Name": "Places.GetMenu",
                "Score": 0.9926897
              },
              {
                "Name": "Weather.CheckWeatherValue",
                "Score": 0.34781837
              },
              {
                "Name": "Weather.QueryWeather",
                "Score": 0.1864268
              },
              {
                "Name": "Weather.CheckWeatherTime",
                "Score": 0.01994773
              },
              {
                "Name": "None",
                "Score": 0.006227994
              }
            ]
          },
          "EntityPredictions": ""
        },
        {
          "Id": 9836414776,
          "Text": "do you have the menu for wildfire restaurant in oak brook",
          "TokenizedText": {
            "string": [
              "do",
              "you",
              "have",
              "the",
              "menu",
              "for",
              "wildfire",
              "restaurant",
              "in",
              "oak",
              "brook"
            ]
          },
          "IntentLabel": "Places.GetMenu",
          "EntityLabels": "",
          "IntentPredictions": {
            "IntentPrediction": [
              {
                "Name": "Places.GetMenu",
                "Score": 0.9750831
              },
              {
                "Name": "Weather.QueryWeather",
                "Score": 0.42941362
              },
              {
                "Name": "Weather.CheckWeatherValue",
                "Score": 0.1294959
              },
              {
                "Name": "Weather.CheckWeatherTime",
                "Score": 0.10346069
              },
              {
                "Name": "None",
                "Score": 0.00072065735
              }
            ]
          },
          "EntityPredictions": {
            "EntityPrediction": {
              "EntityName": "geographyV2",
              "StartTokenIndex": 9,
              "EndTokenIndex": 10,
              "Phrase": "oak brook"
            }
          }
        },
        {
          "Id": 9836414775,
          "Text": "do you have the menu for martoranas in atlantic city harrahs",
          "TokenizedText": {
            "string": [
              "do",
              "you",
              "have",
              "the",
              "menu",
              "for",
              "martoranas",
              "in",
              "atlantic",
              "city",
              "harrahs"
            ]
          },
          "IntentLabel": "Places.GetMenu",
          "EntityLabels": "",
          "IntentPredictions": {
            "IntentPrediction": [
              {
                "Name": "Places.GetMenu",
                "Score": 0.97791344
              },
              {
                "Name": "Weather.CheckWeatherTime",
                "Score": 0.33793405
              },
              {
                "Name": "Weather.QueryWeather",
                "Score": 0.25064462
              },
              {
                "Name": "Weather.CheckWeatherValue",
                "Score": 0.044606842
              },
              {
                "Name": "None",
                "Score": 0.0016477111
              }
            ]
          },
          "EntityPredictions": {
            "EntityPrediction": {
              "EntityName": "geographyV2",
              "StartTokenIndex": 8,
              "EndTokenIndex": 9,
              "Phrase": "atlantic city"
            }
          }
        },
        {
          "Id": 9836414774,
          "Text": "display menu for srivichai thai restaurant",
          "TokenizedText": {
            "string": [
              "display",
              "menu",
              "for",
              "srivichai",
              "thai",
              "restaurant"
            ]
          },
          "IntentLabel": "Places.GetMenu",
          "EntityLabels": "",
          "IntentPredictions": {
            "IntentPrediction": [
              {
                "Name": "Places.GetMenu",
                "Score": 0.99480885
              },
              {
                "Name": "Weather.CheckWeatherValue",
                "Score": 0.447653
              },
              {
                "Name": "Weather.QueryWeather",
                "Score": 0.08392503
              },
              {
                "Name": "Weather.CheckWeatherTime",
                "Score": 0.02477908
              },
              {
                "Name": "None",
                "Score": 0.0062862337
              }
            ]
          },
          "EntityPredictions": ""
        },
        {
          "Id": 9836414773,
          "Text": "display cocktail menu for olive garden",
          "TokenizedText": {
            "string": [
              "display",
              "cocktail",
              "menu",
              "for",
              "olive",
              "garden"
            ]
          },
          "IntentLabel": "Places.GetMenu",
          "EntityLabels": "",
          "IntentPredictions": {
            "IntentPrediction": [
              {
                "Name": "Places.GetMenu",
                "Score": 0.9872244
              },
              {
                "Name": "Weather.CheckWeatherValue",
                "Score": 0.47727507
              },
              {
                "Name": "Weather.QueryWeather",
                "Score": 0.15776624
              },
              {
                "Name": "Weather.CheckWeatherTime",
                "Score": 0.03511336
              },
              {
                "Name": "None",
                "Score": 0.002013415
              }
            ]
          },
          "EntityPredictions": ""
        },
        {
          "Id": 9836414772,
          "Text": "cocktail menu for poolside",
          "TokenizedText": {
            "string": [
              "cocktail",
              "menu",
              "for",
              "poolside"
            ]
          },
          "IntentLabel": "Places.GetMenu",
          "EntityLabels": "",
          "IntentPredictions": {
            "IntentPrediction": [
              {
                "Name": "Places.GetMenu",
                "Score": 0.99846435
              },
              {
                "Name": "Weather.CheckWeatherValue",
                "Score": 0.6899161
              },
              {
                "Name": "Weather.QueryWeather",
                "Score": 0.053138487
              },
              {
                "Name": "None",
                "Score": 0.0125241205
              },
              {
                "Name": "Weather.CheckWeatherTime",
                "Score": 0.010065684
              }
            ]
          },
          "EntityPredictions": ""
        },
        {
          "Id": 9836414771,
          "Text": "cocktail menu for macaroni grill",
          "TokenizedText": {
            "string": [
              "cocktail",
              "menu",
              "for",
              "macaroni",
              "grill"
            ]
          },
          "IntentLabel": "Places.GetMenu",
          "EntityLabels": "",
          "IntentPredictions": {
            "IntentPrediction": [
              {
                "Name": "Places.GetMenu",
                "Score": 0.9844425
              },
              {
                "Name": "Weather.CheckWeatherValue",
                "Score": 0.57502884
              },
              {
                "Name": "Weather.QueryWeather",
                "Score": 0.12789273
              },
              {
                "Name": "Weather.CheckWeatherTime",
                "Score": 0.025727173
              },
              {
                "Name": "None",
                "Score": 0.0026030417
              }
            ]
          },
          "EntityPredictions": ""
        },
        {
          "Id": 9836414770,
          "Text": "casa fiesta mexican restaurant nashville tennessee menu",
          "TokenizedText": {
            "string": [
              "casa",
              "fiesta",
              "mexican",
              "restaurant",
              "nashville",
              "tennessee",
              "menu"
            ]
          },
          "IntentLabel": "Places.GetMenu",
          "EntityLabels": "",
          "IntentPredictions": {
            "IntentPrediction": [
              {
                "Name": "Places.GetMenu",
                "Score": 0.96568143
              },
              {
                "Name": "Weather.CheckWeatherValue",
                "Score": 0.35498667
              },
              {
                "Name": "Weather.QueryWeather",
                "Score": 0.15701103
              },
              {
                "Name": "Weather.CheckWeatherTime",
                "Score": 0.059153214
              },
              {
                "Name": "None",
                "Score": 0.0016373914
              }
            ]
          },
          "EntityPredictions": {
            "EntityPrediction": [
              {
                "EntityName": "geographyV2",
                "StartTokenIndex": 4,
                "EndTokenIndex": 4,
                "Phrase": "nashville"
              },
              {
                "EntityName": "geographyV2",
                "StartTokenIndex": 5,
                "EndTokenIndex": 5,
                "Phrase": "tennessee"
              }
            ]
          }
        },
        {
          "Id": 9836414769,
          "Text": "bring up the menu for olive garden",
          "TokenizedText": {
            "string": [
              "bring",
              "up",
              "the",
              "menu",
              "for",
              "olive",
              "garden"
            ]
          },
          "IntentLabel": "Places.GetMenu",
          "EntityLabels": "",
          "IntentPredictions": {
            "IntentPrediction": [
              {
                "Name": "Places.GetMenu",
                "Score": 0.9929802
              },
              {
                "Name": "Weather.CheckWeatherValue",
                "Score": 0.4527419
              },
              {
                "Name": "Weather.QueryWeather",
                "Score": 0.13291767
              },
              {
                "Name": "Weather.CheckWeatherTime",
                "Score": 0.0461911
              },
              {
                "Name": "None",
                "Score": 0.0015139987
              }
            ]
          },
          "EntityPredictions": ""
        },
        {
          "Id": 9836414768,
          "Text": "bring up the menu for dominos pizza",
          "TokenizedText": {
            "string": [
              "bring",
              "up",
              "the",
              "menu",
              "for",
              "dominos",
              "pizza"
            ]
          },
          "IntentLabel": "Places.GetMenu",
          "EntityLabels": "",
          "IntentPredictions": {
            "IntentPrediction": [
              {
                "Name": "Places.GetMenu",
                "Score": 0.98842126
              },
              {
                "Name": "Weather.CheckWeatherValue",
                "Score": 0.45469603
              },
              {
                "Name": "Weather.QueryWeather",
                "Score": 0.13193987
              },
              {
                "Name": "Weather.CheckWeatherTime",
                "Score": 0.046085555
              },
              {
                "Name": "None",
                "Score": 0.0015106332
              }
            ]
          },
          "EntityPredictions": ""
        },
        {
          "Id": 9836414767,
          "Text": "al's pizzeria in castile new york s menu",
          "TokenizedText": {
            "string": [
              "al",
              "'",
              "s",
              "pizzeria",
              "in",
              "castile",
              "new",
              "york",
              "s",
              "menu"
            ]
          },
          "IntentLabel": "Places.GetMenu",
          "EntityLabels": "",
          "IntentPredictions": {
            "IntentPrediction": [
              {
                "Name": "Places.GetMenu",
                "Score": 0.96379143
              },
              {
                "Name": "Weather.CheckWeatherValue",
                "Score": 0.33268434
              },
              {
                "Name": "Weather.QueryWeather",
                "Score": 0.132817
              },
              {
                "Name": "Weather.CheckWeatherTime",
                "Score": 0.10616466
              },
              {
                "Name": "None",
                "Score": 0.0008540081
              }
            ]
          },
          "EntityPredictions": ""
        },
        {
          "Id": 9836414766,
          "Text": "a menu for quaker steak and lube",
          "TokenizedText": {
            "string": [
              "a",
              "menu",
              "for",
              "quaker",
              "steak",
              "and",
              "lube"
            ]
          },
          "IntentLabel": "Places.GetMenu",
          "EntityLabels": "",
          "IntentPredictions": {
            "IntentPrediction": [
              {
                "Name": "Places.GetMenu",
                "Score": 0.9755809
              },
              {
                "Name": "Weather.CheckWeatherValue",
                "Score": 0.393114
              },
              {
                "Name": "Weather.QueryWeather",
                "Score": 0.20574343
              },
              {
                "Name": "Weather.CheckWeatherTime",
                "Score": 0.04307334
              },
              {
                "Name": "None",
                "Score": 0.0015890602
              }
            ]
          },
          "EntityPredictions": ""
        }
      ]
    }
  }
}